timestamp,run_id,run_url,status,brief_built,ideas_synthesized
2026-09-24T03:43:02Z,35952577390,https://github.com/badboyfarrxxx-ship-it/app-ideas-30-days-extension/actions/runs/35952577390,failure,true,false
2026-09-24T03:55:05Z,35953400750,https://github.com/badboyfarrxxx-ship-it/app-ideas-30-days-extension/actions/runs/35953400750,failure,true,false
2026-09-24T04:04:26Z,35953400750,https://github.com/badboyfarrxxx-ship-it/app-ideas-30-days-extension/actions/runs/35953400750,failure,true,false
2026-09-24T04:12:27Z,35954625481,https://github.com/badboyfarrxxx-ship-it/app-ideas-30-days-extension/actions/runs/35954625481,failure,true,false
2026-09-24T04:33:49Z,35956145922,https://github.com/badboyfarrxxx-ship-it/app-ideas-30-days-extension/actions/runs/35956145922,failure,true,false
2026-09-24T15:48:58Z,36022860612,https://github.com/badboyfarrxxx-ship-it/app-ideas-30-days-extension/actions/runs/36022860612,failure,true,false
2026-09-24T16:04:13Z,36024681494,https://github.com/badboyfarrxxx-ship-it/app-ideas-30-days-extension/actions/runs/36024681494,failure,true,false
2026-09-24T16:12:27Z,36025492166,https://github.com/badboyfarrxxx-ship-it/app-ideas-30-days-extension/actions/runs/36025492166,success,true,true
2026-09-24T16:29:23Z,36027448877,https://github.com/badboyfarrxxx-ship-it/app-ideas-30-days-extension/actions/runs/36027448877,success,true,true
2026-09-24T16:53:22Z,36030230977,https://github.com/badboyfarrxxx-ship-it/app-ideas-30-days-extension/actions/runs/36030230977,success,true,true
2026-09-24T18:37:31Z,36042105721,https://github.com/badboyfarrxxx-ship-it/app-ideas-30-days-extension/actions/runs/36042105721,success,true,true
2026-09-24T23:05:06Z,36070655131,https://github.com/badboyfarrxxx-ship-it/app-ideas-30-days-extension/actions/runs/36070655131,success,true,true
2026-09-25T23:06:19Z,36199341632,https://github.com/badboyfarrxxx-ship-it/app-ideas-30-days-extension/actions/runs/36199341632,success,true,true
2026-09-26T21:10:54Z,36271756569,https://github.com/badboyfarrxxx-ship-it/app-ideas-30-days-extension/actions/runs/36271756569,success,true,true
2026-09-26T21:30:40Z,36272839754,https://github.com/badboyfarrxxx-ship-it/app-ideas-30-days-extension/actions/runs/36272839754,success,true,true
2026-09-26T22:57:34Z,36277770048,https://github.com/badboyfarrxxx-ship-it/app-ideas-30-days-extension/actions/runs/36277770048,success,true,true
2026-09-26T23:05:36Z,36278178026,https://github.com/badboyfarrxxx-ship-it/app-ideas-30-days-extension/actions/runs/36278178026,success,true,true
2026-09-26T23:18:55Z,36278891901,https://github.com/badboyfarrxxx-ship-it/app-ideas-30-days-extension/actions/runs/36278891901,success,true,true
2026-09-27T23:02:15Z,36357289972,https://github.com/badboyfarrxxx-ship-it/app-ideas-30-days-extension/actions/runs/36357289972,failure,true,false
2026-09-28T17:34:54Z,36459064940,https://github.com/badboyfarrxxx-ship-it/app-ideas-30-days-extension/actions/runs/36459064940,failure,true,false
2026-09-28T17:46:56Z,36459064940,https://github.com/badboyfarrxxx-ship-it/app-ideas-30-days-extension/actions/runs/36459064940,failure,true,false
2026-09-28T17:51:11Z,36459064940,https://github.com/badboyfarrxxx-ship-it/app-ideas-30-days-extension/actions/runs/36459064940,failure,true,false
2026-09-28T18:11:59Z,36459064940,https://github.com/badboyfarrxxx-ship-it/app-ideas-30-days-extension/actions/runs/36459064940,failure,true,false
2026-09-28T23:02:21Z,36495783837,https://github.com/badboyfarrxxx-ship-it/app-ideas-30-days-extension/actions/runs/36495783837,failure,true,false
2026-09-29T17:24:46Z,36604667314,https://github.com/badboyfarrxxx-ship-it/app-ideas-30-days-extension/actions/runs/36604667314,failure,true,false
2026-09-29T17:29:04Z,36604667314,https://github.com/badboyfarrxxx-ship-it/app-ideas-30-days-extension/actions/runs/36604667314,failure,true,false
2026-09-29T17:39:25Z,36604667314,https://github.com/badboyfarrxxx-ship-it/app-ideas-30-days-extension/actions/runs/36604667314,failure,true,false
2026-09-29T17:40:52Z,36606625683,https://github.com/badboyfarrxxx-ship-it/app-ideas-30-days-extension/actions/runs/36606625683,failure,true,false
2026-09-29T23:02:20Z,36642977624,https://github.com/badboyfarrxxx-ship-it/app-ideas-30-days-extension/actions/runs/36642977624,failure,true,false
2026-10-01T01:38:32Z,36802057446,https://github.com/badboyfarrxxx-ship-it/app-ideas-30-days-extension/actions/runs/36802057446,failure,true,false
2026-10-02T01:51:29Z,36952901710,https://github.com/badboyfarrxxx-ship-it/app-ideas-30-days-extension/actions/runs/36952901710,failure,true,false
2026-10-03T01:30:48Z,37086362244,https://github.com/badboyfarrxxx-ship-it/app-ideas-30-days-extension/actions/runs/37086362244,failure,true,false
2026-10-04T02:12:21Z,37170324791,https://github.com/badboyfarrxxx-ship-it/app-ideas-30-days-extension/actions/runs/37170324791,failure,true,false
2026-10-05T01:21:33Z,37251102590,https://github.com/badboyfarrxxx-ship-it/app-ideas-30-days-extension/actions/runs/37251102590,failure,true,false
